filename,beta1,beta2,tensorboard,a-hits1,a-hits5,a-hits10,a-hits50,a-mr,a-mrr,c-hits1,c-hits5,c-hits10,c-hits50,c-mr,c-mrr,rel-acc
C_S_V6_271_5fold_1_20200614225331,0.0,1.0,"tensorboard --logdir=run1:""../../output/results/IPTransE/C_S_V6/271_5fold/1/20200614225345/train/"",run2:""../../output/results/IPTransE/C_S_V6/271_5fold/1/20200614225345/valid/"",run3:""../../output/results/IPTransE/C_S_V6/271_5fold/1/20200614225345/test/"" ",0.2027,0.4828,0.5977,0.7743,68.28,0.3331,0.0013,0.344,0.4382,0.6599,128.3049,0.1631,0.0013
C_S_V6_271_5fold_1_20200614225431,0.0,0.0,"tensorboard --logdir=run1:""../../output/results/IPTransE/C_S_V6/271_5fold/1/20200614225445/train/"",run2:""../../output/results/IPTransE/C_S_V6/271_5fold/1/20200614225445/valid/"",run3:""../../output/results/IPTransE/C_S_V6/271_5fold/1/20200614225445/test/"" ",0.0794,0.1452,0.1944,0.3438,205.4901,0.1215,0.0026,0.1743,0.238,0.4051,194.3622,0.0894,0.0078
C_S_V6_271_5fold_1_20200615001737,1.0,2.0,"tensorboard --logdir=run1:""../../output/results/IPTransE/C_S_V6/271_5fold/1/20200615001754/train/"",run2:""../../output/results/IPTransE/C_S_V6/271_5fold/1/20200615001754/valid/"",run3:""../../output/results/IPTransE/C_S_V6/271_5fold/1/20200615001754/test/"" ",0.0899,0.1923,0.2665,0.4901,152.6656,0.1476,0.0052,0.0377,0.0657,0.2347,323.5124,0.0321,0.541
C_S_V6_271_5fold_1_20200615001837,1.0,3.0,"tensorboard --logdir=run1:""../../output/results/IPTransE/C_S_V6/271_5fold/1/20200615001855/train/"",run2:""../../output/results/IPTransE/C_S_V6/271_5fold/1/20200615001855/valid/"",run3:""../../output/results/IPTransE/C_S_V6/271_5fold/1/20200615001855/test/"" ",0.0606,0.1588,0.2288,0.4859,146.9331,0.118,0.0052,0.0364,0.0611,0.2035,334.513,0.0293,0.5423
C_S_V6_271_5fold_1_20200615012746,1.0,0.0,"tensorboard --logdir=run1:""../../output/results/IPTransE/C_S_V6/271_5fold/1/20200615012803/train/"",run2:""../../output/results/IPTransE/C_S_V6/271_5fold/1/20200615012803/valid/"",run3:""../../output/results/IPTransE/C_S_V6/271_5fold/1/20200615012803/test/"" ",0.1787,0.3553,0.4441,0.6531,106.1797,0.2663,0.0104,0.0631,0.1047,0.2737,279.3329,0.0452,0.515
C_S_V6_271_5fold_1_20200615025636,2.0,3.0,"tensorboard --logdir=run1:""../../output/results/IPTransE/C_S_V6/271_5fold/1/20200615025653/train/"",run2:""../../output/results/IPTransE/C_S_V6/271_5fold/1/20200615025653/valid/"",run3:""../../output/results/IPTransE/C_S_V6/271_5fold/1/20200615025653/test/"" ",0.0982,0.2309,0.3103,0.5684,120.6123,0.169,0.0052,0.0312,0.0566,0.1964,343.7874,0.0282,0.554
C_S_V6_271_5fold_1_20200615051723,2.0,4.0,"tensorboard --logdir=run1:""../../output/results/IPTransE/C_S_V6/271_5fold/1/20200615051736/train/"",run2:""../../output/results/IPTransE/C_S_V6/271_5fold/1/20200615051736/valid/"",run3:""../../output/results/IPTransE/C_S_V6/271_5fold/1/20200615051736/test/"" ",0.0533,0.1546,0.2341,0.466,148.9237,0.1138,0.002,0.0247,0.0514,0.1814,356.513,0.0227,0.5384
C_S_V6_271_5fold_1_20200615073814,3.0,4.0,"tensorboard --logdir=run1:""../../output/results/IPTransE/C_S_V6/271_5fold/1/20200615073828/train/"",run2:""../../output/results/IPTransE/C_S_V6/271_5fold/1/20200615073828/valid/"",run3:""../../output/results/IPTransE/C_S_V6/271_5fold/1/20200615073828/test/"" ",0.1149,0.28,0.3615,0.6155,109.9666,0.1987,0.0026,0.0267,0.0501,0.1671,365.0124,0.0224,0.5384
C_S_V6_271_5fold_1_20200615073914,3.0,5.0,"tensorboard --logdir=run1:""../../output/results/IPTransE/C_S_V6/271_5fold/1/20200615073930/train/"",run2:""../../output/results/IPTransE/C_S_V6/271_5fold/1/20200615073930/valid/"",run3:""../../output/results/IPTransE/C_S_V6/271_5fold/1/20200615073930/test/"" ",0.0731,0.1735,0.2644,0.5266,134.0178,0.1344,0.0052,0.0273,0.0462,0.1704,366.6593,0.0243,0.515
C_S_V6_271_5fold_1_20200615100049,4.0,4.0,"tensorboard --logdir=run1:""../../output/results/IPTransE/C_S_V6/271_5fold/1/20200615100105/train/"",run2:""../../output/results/IPTransE/C_S_V6/271_5fold/1/20200615100105/valid/"",run3:""../../output/results/IPTransE/C_S_V6/271_5fold/1/20200615100105/test/"" ",0.1223,0.3114,0.3981,0.6343,109.3898,0.2167,0.0046,0.028,0.0572,0.1873,359.961,0.0255,0.58
C_S_V6_271_5fold_1_20200615114921,0.0,0.1,"tensorboard --logdir=run1:""../../output/results/IPTransE/C_S_V6/271_5fold/1/20200615114938/train/"",run2:""../../output/results/IPTransE/C_S_V6/271_5fold/1/20200615114938/valid/"",run3:""../../output/results/IPTransE/C_S_V6/271_5fold/1/20200615114938/test/"" ",0.233,0.4943,0.6071,0.7827,65.117,0.3535,0.0046,0.3336,0.4337,0.6391,129.6918,0.1575,0.2263
C_S_V6_271_5fold_1_20200615114937,0.3,0.0,"tensorboard --logdir=run1:""../../output/results/IPTransE/C_S_V6/271_5fold/1/20200615114953/train/"",run2:""../../output/results/IPTransE/C_S_V6/271_5fold/1/20200615114953/valid/"",run3:""../../output/results/IPTransE/C_S_V6/271_5fold/1/20200615114953/test/"" ",0.1139,0.2393,0.3156,0.5141,147.3041,0.1806,0.0273,0.132,0.1847,0.3492,242.7009,0.0845,0.4629
C_S_V6_271_5fold_1_20200615115021,0.0,0.3,"tensorboard --logdir=run1:""../../output/results/IPTransE/C_S_V6/271_5fold/1/20200615115039/train/"",run2:""../../output/results/IPTransE/C_S_V6/271_5fold/1/20200615115039/valid/"",run3:""../../output/results/IPTransE/C_S_V6/271_5fold/1/20200615115039/test/"" ",0.2278,0.4974,0.6092,0.7879,63.7095,0.3556,0.0013,0.3511,0.4649,0.6775,118.3875,0.1664,0.0052
C_S_V6_271_5fold_1_20200615115037,0.3,0.1,"tensorboard --logdir=run1:""../../output/results/IPTransE/C_S_V6/271_5fold/1/20200615115055/train/"",run2:""../../output/results/IPTransE/C_S_V6/271_5fold/1/20200615115055/valid/"",run3:""../../output/results/IPTransE/C_S_V6/271_5fold/1/20200615115055/test/"" ",0.1735,0.3417,0.4274,0.6562,102.0543,0.2595,0.0137,0.1151,0.1704,0.3654,238.6795,0.0717,0.4785
C_S_V6_271_5fold_1_20200615115121,0.0,0.5,"tensorboard --logdir=run1:""../../output/results/IPTransE/C_S_V6/271_5fold/1/20200615115140/train/"",run2:""../../output/results/IPTransE/C_S_V6/271_5fold/1/20200615115140/valid/"",run3:""../../output/results/IPTransE/C_S_V6/271_5fold/1/20200615115140/test/"" ",0.2247,0.4807,0.5684,0.7722,69.0084,0.3416,0.0013,0.3674,0.4681,0.671,124.4837,0.1723,0.0
C_S_V6_271_5fold_1_20200615115137,0.3,0.3,"tensorboard --logdir=run1:""../../output/results/IPTransE/C_S_V6/271_5fold/1/20200615115157/train/"",run2:""../../output/results/IPTransE/C_S_V6/271_5fold/1/20200615115157/valid/"",run3:""../../output/results/IPTransE/C_S_V6/271_5fold/1/20200615115157/test/"" ",0.1829,0.3939,0.4723,0.7011,89.0951,0.2837,0.0156,0.1183,0.1912,0.3719,244.1749,0.0748,0.5202
C_S_V6_271_5fold_1_20200615120905,0.9,0.0,"tensorboard --logdir=run1:""../../output/results/IPTransE/C_S_V6/271_5fold/1/20200615120927/train/"",run2:""../../output/results/IPTransE/C_S_V6/271_5fold/1/20200615120927/valid/"",run3:""../../output/results/IPTransE/C_S_V6/271_5fold/1/20200615120927/test/"" ",0.162,0.3511,0.4441,0.6426,102.977,0.2519,0.0156,0.0676,0.1099,0.29,267.8511,0.0513,0.5332
C_S_V6_271_5fold_1_20200615151116,0.3,0.7,"tensorboard --logdir=run1:""../../output/results/IPTransE/C_S_V6/271_5fold/1/20200615151133/train/"",run2:""../../output/results/IPTransE/C_S_V6/271_5fold/1/20200615151133/valid/"",run3:""../../output/results/IPTransE/C_S_V6/271_5fold/1/20200615151133/test/"" ",0.1557,0.3459,0.441,0.7158,84.4953,0.2517,0.0137,0.106,0.1593,0.3498,252.5572,0.0659,0.5293
C_S_V6_271_5fold_1_20200615151207,0.0,0.7,"tensorboard --logdir=run1:""../../output/results/IPTransE/C_S_V6/271_5fold/1/20200615151224/train/"",run2:""../../output/results/IPTransE/C_S_V6/271_5fold/1/20200615151224/valid/"",run3:""../../output/results/IPTransE/C_S_V6/271_5fold/1/20200615151224/test/"" ",0.2372,0.4796,0.5925,0.7837,69.2027,0.3508,0.0013,0.3667,0.4662,0.6528,122.6274,0.1707,0.0039
C_S_V6_271_5fold_1_20200615151216,0.3,0.9,"tensorboard --logdir=run1:""../../output/results/IPTransE/C_S_V6/271_5fold/1/20200615151232/train/"",run2:""../../output/results/IPTransE/C_S_V6/271_5fold/1/20200615151232/valid/"",run3:""../../output/results/IPTransE/C_S_V6/271_5fold/1/20200615151232/test/"" ",0.0888,0.2278,0.3281,0.5716,120.1902,0.1673,0.0111,0.1047,0.1593,0.3296,265.0546,0.0623,0.5124
C_S_V6_271_5fold_1_20200615151307,0.0,0.9,"tensorboard --logdir=run1:""../../output/results/IPTransE/C_S_V6/271_5fold/1/20200615151325/train/"",run2:""../../output/results/IPTransE/C_S_V6/271_5fold/1/20200615151325/valid/"",run3:""../../output/results/IPTransE/C_S_V6/271_5fold/1/20200615151325/test/"" ",0.2299,0.4828,0.5799,0.7806,69.9634,0.3458,0.0039,0.3583,0.4597,0.6502,125.7211,0.17,0.0
C_S_V6_271_5fold_1_20200615151407,0.0,1.0,"tensorboard --logdir=run1:""../../output/results/IPTransE/C_S_V6/271_5fold/1/20200615151426/train/"",run2:""../../output/results/IPTransE/C_S_V6/271_5fold/1/20200615151426/valid/"",run3:""../../output/results/IPTransE/C_S_V6/271_5fold/1/20200615151426/test/"" ",0.2341,0.4911,0.5862,0.7879,69.3887,0.3542,0.0026,0.368,0.4759,0.6691,123.472,0.1749,0.0039
C_S_V6_271_5fold_1_20200615151507,0.1,0.0,"tensorboard --logdir=run1:""../../output/results/IPTransE/C_S_V6/271_5fold/1/20200615151528/train/"",run2:""../../output/results/IPTransE/C_S_V6/271_5fold/1/20200615151528/valid/"",run3:""../../output/results/IPTransE/C_S_V6/271_5fold/1/20200615151528/test/"" ",0.0805,0.1818,0.2414,0.3793,194.953,0.1338,0.0416,0.1658,0.2263,0.3693,228.08,0.1058,0.355
C_S_V6_271_5fold_1_20200615153035,0.9,0.7,"tensorboard --logdir=run1:""../../output/results/IPTransE/C_S_V6/271_5fold/1/20200615153055/train/"",run2:""../../output/results/IPTransE/C_S_V6/271_5fold/1/20200615153055/valid/"",run3:""../../output/results/IPTransE/C_S_V6/271_5fold/1/20200615153055/test/"" ",0.1661,0.3532,0.4263,0.6447,107.5413,0.2557,0.0078,0.0527,0.0969,0.2601,292.2939,0.04,0.5605
C_S_V6_271_5fold_1_20200615153135,0.9,0.9,"tensorboard --logdir=run1:""../../output/results/IPTransE/C_S_V6/271_5fold/1/20200615153155/train/"",run2:""../../output/results/IPTransE/C_S_V6/271_5fold/1/20200615153155/valid/"",run3:""../../output/results/IPTransE/C_S_V6/271_5fold/1/20200615153155/test/"" ",0.1223,0.2748,0.3438,0.5904,121.2048,0.1988,0.0059,0.0514,0.0949,0.2464,313.2087,0.036,0.5384
C_S_V6_271_5fold_1_20200615153335,1.0,0.0,"tensorboard --logdir=run1:""../../output/results/IPTransE/C_S_V6/271_5fold/1/20200615193816/train/"",run2:""../../output/results/IPTransE/C_S_V6/271_5fold/1/20200615193816/valid/"",run3:""../../output/results/IPTransE/C_S_V6/271_5fold/1/20200615193816/test/"" ",0.1996,0.3793,0.4608,0.6928,96.9404,0.2894,0.0104,0.0611,0.1073,0.2854,279.3114,0.0457,0.5449
C_S_V6_271_5fold_1_20200615181116,0.5,0.1,"tensorboard --logdir=run1:""../../output/results/IPTransE/C_S_V6/271_5fold/1/20200615181133/train/"",run2:""../../output/results/IPTransE/C_S_V6/271_5fold/1/20200615181133/valid/"",run3:""../../output/results/IPTransE/C_S_V6/271_5fold/1/20200615181133/test/"" ",0.163,0.3427,0.418,0.6447,107.233,0.2509,0.015,0.0884,0.1411,0.3121,259.8186,0.0588,0.5137
C_S_V6_271_5fold_1_20200615181216,0.5,0.3,"tensorboard --logdir=run1:""../../output/results/IPTransE/C_S_V6/271_5fold/1/20200615181235/train/"",run2:""../../output/results/IPTransE/C_S_V6/271_5fold/1/20200615181235/valid/"",run3:""../../output/results/IPTransE/C_S_V6/271_5fold/1/20200615181235/test/"" ",0.1442,0.2926,0.3699,0.5956,115.4953,0.2204,0.0117,0.0871,0.1359,0.327,259.3303,0.0581,0.541
C_S_V6_271_5fold_1_20200615181316,0.5,0.5,"tensorboard --logdir=run1:""../../output/results/IPTransE/C_S_V6/271_5fold/1/20200615181333/train/"",run2:""../../output/results/IPTransE/C_S_V6/271_5fold/1/20200615181333/valid/"",run3:""../../output/results/IPTransE/C_S_V6/271_5fold/1/20200615181333/test/"" ",0.2059,0.3856,0.4765,0.7011,85.5914,0.2965,0.0156,0.0904,0.1489,0.327,262.1515,0.0621,0.554
C_S_V6_271_5fold_1_20200615181416,0.5,0.7,"tensorboard --logdir=run1:""../../output/results/IPTransE/C_S_V6/271_5fold/1/20200615181432/train/"",run2:""../../output/results/IPTransE/C_S_V6/271_5fold/1/20200615181432/valid/"",run3:""../../output/results/IPTransE/C_S_V6/271_5fold/1/20200615181432/test/"" ",0.163,0.3386,0.4357,0.6635,101.4504,0.2519,0.013,0.0865,0.1378,0.3199,269.0241,0.0572,0.5423
C_S_V6_271_5fold_1_20200615181646,0.1,0.1,"tensorboard --logdir=run1:""../../output/results/IPTransE/C_S_V6/271_5fold/1/20200615181704/train/"",run2:""../../output/results/IPTransE/C_S_V6/271_5fold/1/20200615181704/valid/"",run3:""../../output/results/IPTransE/C_S_V6/271_5fold/1/20200615181704/test/"" ",0.1108,0.2435,0.3271,0.5716,117.6761,0.1853,0.0293,0.1671,0.2191,0.383,237.238,0.0979,0.329
C_S_V6_271_5fold_1_20200615181746,0.1,0.3,"tensorboard --logdir=run1:""../../output/results/IPTransE/C_S_V6/271_5fold/1/20200615181804/train/"",run2:""../../output/results/IPTransE/C_S_V6/271_5fold/1/20200615181804/valid/"",run3:""../../output/results/IPTransE/C_S_V6/271_5fold/1/20200615181804/test/"" ",0.0888,0.2518,0.3177,0.5643,124.2968,0.1679,0.0319,0.1678,0.2256,0.4083,215.4447,0.1006,0.4395
C_S_V6_271_5fold_1_20200615181846,0.1,0.5,"tensorboard --logdir=run1:""../../output/results/IPTransE/C_S_V6/271_5fold/1/20200615181906/train/"",run2:""../../output/results/IPTransE/C_S_V6/271_5fold/1/20200615181906/valid/"",run3:""../../output/results/IPTransE/C_S_V6/271_5fold/1/20200615181906/test/"" ",0.1358,0.3041,0.4117,0.6928,88.7586,0.2273,0.0273,0.1756,0.2367,0.4506,211.2516,0.1035,0.3914
C_S_V6_271_5fold_1_20200615181946,0.1,0.7,"tensorboard --logdir=run1:""../../output/results/IPTransE/C_S_V6/271_5fold/1/20200615182006/train/"",run2:""../../output/results/IPTransE/C_S_V6/271_5fold/1/20200615182006/valid/"",run3:""../../output/results/IPTransE/C_S_V6/271_5fold/1/20200615182006/test/"" ",0.2299,0.4692,0.5768,0.7931,68.4974,0.3458,0.0306,0.2328,0.3095,0.5104,172.8062,0.1323,0.0143
C_S_V6_271_5fold_1_20200615211551,0.5,0.9,"tensorboard --logdir=run1:""../../output/results/IPTransE/C_S_V6/271_5fold/1/20200615211610/train/"",run2:""../../output/results/IPTransE/C_S_V6/271_5fold/1/20200615211610/valid/"",run3:""../../output/results/IPTransE/C_S_V6/271_5fold/1/20200615211610/test/"" ",0.1672,0.3375,0.4295,0.6583,97.4054,0.2537,0.0124,0.0767,0.119,0.2965,272.1027,0.0522,0.541
C_S_V6_271_5fold_1_20200615211651,0.5,1.0,"tensorboard --logdir=run1:""../../output/results/IPTransE/C_S_V6/271_5fold/1/20200615211709/train/"",run2:""../../output/results/IPTransE/C_S_V6/271_5fold/1/20200615211709/valid/"",run3:""../../output/results/IPTransE/C_S_V6/271_5fold/1/20200615211709/test/"" ",0.1212,0.2759,0.3605,0.582,125.3929,0.2016,0.013,0.08,0.1261,0.2906,280.357,0.0517,0.5306
C_S_V6_271_5fold_1_20200615212445,0.1,1.0,"tensorboard --logdir=run1:""../../output/results/IPTransE/C_S_V6/271_5fold/1/20200615212502/train/"",run2:""../../output/results/IPTransE/C_S_V6/271_5fold/1/20200615212502/valid/"",run3:""../../output/results/IPTransE/C_S_V6/271_5fold/1/20200615212502/test/"" ",0.256,0.5037,0.6155,0.8088,62.9195,0.3731,0.0215,0.2471,0.3296,0.5429,154.2295,0.1302,0.2263
C_S_V6_271_5fold_1_20200616000804,0.01,0.01,"tensorboard --logdir=run1:""../../output/results/IPTransE/C_S_V6/271_5fold/1/20200616000821/train/"",run2:""../../output/results/IPTransE/C_S_V6/271_5fold/1/20200616000821/valid/"",run3:""../../output/results/IPTransE/C_S_V6/271_5fold/1/20200616000821/test/"" ",0.046,0.1212,0.1797,0.3772,196.441,0.0946,0.0202,0.1261,0.1782,0.3446,239.7061,0.078,0.0702
C_S_V6_271_5fold_1_20200616000903,0.05,0.01,"tensorboard --logdir=run1:""../../output/results/IPTransE/C_S_V6/271_5fold/1/20200616000923/train/"",run2:""../../output/results/IPTransE/C_S_V6/271_5fold/1/20200616000923/valid/"",run3:""../../output/results/IPTransE/C_S_V6/271_5fold/1/20200616000923/test/"" ",0.0752,0.163,0.2173,0.3595,198.1014,0.1237,0.0312,0.173,0.2159,0.3446,253.3693,0.1025,0.2718
C_S_V6_271_5fold_1_20200616000904,0.01,0.03,"tensorboard --logdir=run1:""../../output/results/IPTransE/C_S_V6/271_5fold/1/20200616000923/train/"",run2:""../../output/results/IPTransE/C_S_V6/271_5fold/1/20200616000923/valid/"",run3:""../../output/results/IPTransE/C_S_V6/271_5fold/1/20200616000923/test/"" ",0.1076,0.2393,0.3009,0.4817,143.0554,0.1766,0.0228,0.1801,0.2373,0.4096,208.3778,0.1019,0.1795
C_S_V6_271_5fold_1_20200616001003,0.05,0.03,"tensorboard --logdir=run1:""../../output/results/IPTransE/C_S_V6/271_5fold/1/20200616001023/train/"",run2:""../../output/results/IPTransE/C_S_V6/271_5fold/1/20200616001023/valid/"",run3:""../../output/results/IPTransE/C_S_V6/271_5fold/1/20200616001023/test/"" ",0.0752,0.1682,0.2299,0.4253,174.8652,0.1277,0.0325,0.1769,0.2354,0.3947,230.8609,0.1064,0.2302
C_S_V6_271_5fold_1_20200616001004,0.01,0.05,"tensorboard --logdir=run1:""../../output/results/IPTransE/C_S_V6/271_5fold/1/20200616001025/train/"",run2:""../../output/results/IPTransE/C_S_V6/271_5fold/1/20200616001025/valid/"",run3:""../../output/results/IPTransE/C_S_V6/271_5fold/1/20200616001025/test/"" ",0.1097,0.2215,0.28,0.466,152.767,0.1709,0.039,0.1886,0.2555,0.4064,222.2685,0.1147,0.1599
C_S_V6_271_5fold_1_20200616001103,0.05,0.05,"tensorboard --logdir=run1:""../../output/results/IPTransE/C_S_V6/271_5fold/1/20200616001124/train/"",run2:""../../output/results/IPTransE/C_S_V6/271_5fold/1/20200616001124/valid/"",run3:""../../output/results/IPTransE/C_S_V6/271_5fold/1/20200616001124/test/"" ",0.1087,0.2351,0.2926,0.5026,144.6562,0.1746,0.041,0.1801,0.238,0.381,235.7354,0.1139,0.3212
C_S_V6_271_5fold_1_20200616001203,0.05,0.07,"tensorboard --logdir=run1:""../../output/results/IPTransE/C_S_V6/271_5fold/1/20200616001225/train/"",run2:""../../output/results/IPTransE/C_S_V6/271_5fold/1/20200616001225/valid/"",run3:""../../output/results/IPTransE/C_S_V6/271_5fold/1/20200616001225/test/"" ",0.0951,0.1933,0.2571,0.465,140.3532,0.1517,0.0442,0.1788,0.2341,0.4109,223.0871,0.1139,0.3108
C_S_V6_271_5fold_1_20200616025708,0.01,0.07,"tensorboard --logdir=run1:""../../output/results/IPTransE/C_S_V6/271_5fold/1/20200616025724/train/"",run2:""../../output/results/IPTransE/C_S_V6/271_5fold/1/20200616025724/valid/"",run3:""../../output/results/IPTransE/C_S_V6/271_5fold/1/20200616025724/test/"" ",0.1034,0.2184,0.2989,0.5538,121.209,0.1726,0.0423,0.1782,0.2256,0.3505,240.9681,0.1095,0.1495
C_S_V6_271_5fold_1_20200616025808,0.01,0.08,"tensorboard --logdir=run1:""../../output/results/IPTransE/C_S_V6/271_5fold/1/20200616025823/train/"",run2:""../../output/results/IPTransE/C_S_V6/271_5fold/1/20200616025823/valid/"",run3:""../../output/results/IPTransE/C_S_V6/271_5fold/1/20200616025823/test/"" ",0.1452,0.3145,0.3981,0.6364,102.1933,0.2343,0.0449,0.1899,0.2289,0.3765,243.5858,0.1163,0.1847
C_S_V6_271_5fold_1_20200616025857,0.05,0.08,"tensorboard --logdir=run1:""../../output/results/IPTransE/C_S_V6/271_5fold/1/20200616025911/train/"",run2:""../../output/results/IPTransE/C_S_V6/271_5fold/1/20200616025911/valid/"",run3:""../../output/results/IPTransE/C_S_V6/271_5fold/1/20200616025911/test/"" ",0.1055,0.2205,0.2748,0.5047,137.9394,0.1688,0.0371,0.1951,0.2477,0.4135,220.5774,0.1179,0.3433
C_S_V6_271_5fold_1_20200616025908,0.03,0.01,"tensorboard --logdir=run1:""../../output/results/IPTransE/C_S_V6/271_5fold/1/20200616025923/train/"",run2:""../../output/results/IPTransE/C_S_V6/271_5fold/1/20200616025923/valid/"",run3:""../../output/results/IPTransE/C_S_V6/271_5fold/1/20200616025923/test/"" ",0.0846,0.1745,0.2142,0.3563,198.4399,0.1322,0.0267,0.156,0.2074,0.3687,235.87,0.0953,0.1912
C_S_V6_271_5fold_1_20200616025957,0.07,0.01,"tensorboard --logdir=run1:""../../output/results/IPTransE/C_S_V6/271_5fold/1/20200616030012/train/"",run2:""../../output/results/IPTransE/C_S_V6/271_5fold/1/20200616030012/valid/"",run3:""../../output/results/IPTransE/C_S_V6/271_5fold/1/20200616030012/test/"" ",0.0669,0.1379,0.1996,0.3281,207.2905,0.1101,0.0293,0.1541,0.2126,0.3947,226.8531,0.0967,0.29
C_S_V6_271_5fold_1_20200616030057,0.07,0.03,"tensorboard --logdir=run1:""../../output/results/IPTransE/C_S_V6/271_5fold/1/20200616030114/train/"",run2:""../../output/results/IPTransE/C_S_V6/271_5fold/1/20200616030114/valid/"",run3:""../../output/results/IPTransE/C_S_V6/271_5fold/1/20200616030114/test/"" ",0.0899,0.2121,0.2978,0.5068,148.3187,0.1581,0.0377,0.1645,0.2152,0.3726,234.8004,0.1032,0.3108
C_S_V6_271_5fold_1_20200616030157,0.07,0.05,"tensorboard --logdir=run1:""../../output/results/IPTransE/C_S_V6/271_5fold/1/20200616030214/train/"",run2:""../../output/results/IPTransE/C_S_V6/271_5fold/1/20200616030214/valid/"",run3:""../../output/results/IPTransE/C_S_V6/271_5fold/1/20200616030214/test/"" ",0.1076,0.2309,0.302,0.4974,138.5768,0.1741,0.0273,0.1769,0.2295,0.3921,233.015,0.1032,0.3056
C_S_V6_271_5fold_1_20200616054900,0.03,0.03,"tensorboard --logdir=run1:""../../output/results/IPTransE/C_S_V6/271_5fold/1/20200616054915/train/"",run2:""../../output/results/IPTransE/C_S_V6/271_5fold/1/20200616054915/valid/"",run3:""../../output/results/IPTransE/C_S_V6/271_5fold/1/20200616054915/test/"" ",0.1118,0.2539,0.3062,0.4619,155.9007,0.1824,0.0332,0.1795,0.2386,0.3771,246.0397,0.1089,0.2367
C_S_V6_271_5fold_1_20200616055000,0.03,0.05,"tensorboard --logdir=run1:""../../output/results/IPTransE/C_S_V6/271_5fold/1/20200616055015/train/"",run2:""../../output/results/IPTransE/C_S_V6/271_5fold/1/20200616055015/valid/"",run3:""../../output/results/IPTransE/C_S_V6/271_5fold/1/20200616055015/test/"" ",0.1254,0.2571,0.3051,0.4995,138.8474,0.1921,0.0397,0.1918,0.2497,0.3849,229.5696,0.1189,0.2913
C_S_V6_271_5fold_1_20200616055051,0.07,0.07,"tensorboard --logdir=run1:""../../output/results/IPTransE/C_S_V6/271_5fold/1/20200616055107/train/"",run2:""../../output/results/IPTransE/C_S_V6/271_5fold/1/20200616055107/valid/"",run3:""../../output/results/IPTransE/C_S_V6/271_5fold/1/20200616055107/test/"" ",0.1066,0.2111,0.2696,0.4869,132.372,0.1651,0.0436,0.1957,0.2458,0.407,231.6599,0.1179,0.3329
C_S_V6_271_5fold_1_20200616055100,0.03,0.07,"tensorboard --logdir=run1:""../../output/results/IPTransE/C_S_V6/271_5fold/1/20200616055116/train/"",run2:""../../output/results/IPTransE/C_S_V6/271_5fold/1/20200616055116/valid/"",run3:""../../output/results/IPTransE/C_S_V6/271_5fold/1/20200616055116/test/"" ",0.092,0.2268,0.28,0.4504,150.4222,0.1587,0.0481,0.184,0.2328,0.3914,227.3843,0.1172,0.238
C_S_V6_271_5fold_1_20200616055151,0.07,0.08,"tensorboard --logdir=run1:""../../output/results/IPTransE/C_S_V6/271_5fold/1/20200616055209/train/"",run2:""../../output/results/IPTransE/C_S_V6/271_5fold/1/20200616055209/valid/"",run3:""../../output/results/IPTransE/C_S_V6/271_5fold/1/20200616055209/test/"" ",0.1014,0.2059,0.2633,0.4775,139.5758,0.1596,0.039,0.1931,0.2458,0.4038,240.4187,0.1149,0.29
C_S_V6_271_5fold_1_20200616055252,0.08,0.01,"tensorboard --logdir=run1:""../../output/results/IPTransE/C_S_V6/271_5fold/1/20200616055309/train/"",run2:""../../output/results/IPTransE/C_S_V6/271_5fold/1/20200616055309/valid/"",run3:""../../output/results/IPTransE/C_S_V6/271_5fold/1/20200616055309/test/"" ",0.0836,0.1682,0.2069,0.3584,198.1776,0.1284,0.0364,0.158,0.2113,0.3771,245.119,0.1027,0.3082
C_S_V6_271_5fold_1_20200616055352,0.08,0.03,"tensorboard --logdir=run1:""../../output/results/IPTransE/C_S_V6/271_5fold/1/20200616055410/train/"",run2:""../../output/results/IPTransE/C_S_V6/271_5fold/1/20200616055410/valid/"",run3:""../../output/results/IPTransE/C_S_V6/271_5fold/1/20200616055410/test/"" ",0.0815,0.1891,0.2466,0.4922,151.348,0.1412,0.0364,0.1638,0.2276,0.4012,228.2425,0.104,0.3264
C_S_V6_271_5fold_1_20200616084317,0.08,0.05,"tensorboard --logdir=run1:""../../output/results/IPTransE/C_S_V6/271_5fold/1/20200616084332/train/"",run2:""../../output/results/IPTransE/C_S_V6/271_5fold/1/20200616084332/valid/"",run3:""../../output/results/IPTransE/C_S_V6/271_5fold/1/20200616084332/test/"" ",0.1233,0.2529,0.3103,0.5204,135.5935,0.188,0.0358,0.1684,0.2243,0.3791,235.868,0.1057,0.3329
C_S_V6_271_5fold_1_20200616084348,0.03,0.08,"tensorboard --logdir=run1:""../../output/results/IPTransE/C_S_V6/271_5fold/1/20200616084402/train/"",run2:""../../output/results/IPTransE/C_S_V6/271_5fold/1/20200616084402/valid/"",run3:""../../output/results/IPTransE/C_S_V6/271_5fold/1/20200616084402/test/"" ",0.0972,0.2194,0.2874,0.4713,134.4911,0.1611,0.039,0.1834,0.2315,0.3713,236.959,0.1109,0.2172
C_S_V6_271_5fold_1_20200616084417,0.08,0.07,"tensorboard --logdir=run1:""../../output/results/IPTransE/C_S_V6/271_5fold/1/20200616084432/train/"",run2:""../../output/results/IPTransE/C_S_V6/271_5fold/1/20200616084432/valid/"",run3:""../../output/results/IPTransE/C_S_V6/271_5fold/1/20200616084432/test/"" ",0.1097,0.2184,0.2811,0.4984,128.2978,0.1697,0.0403,0.1736,0.2295,0.4298,224.6268,0.1108,0.329
C_S_V6_271_5fold_1_20200616084517,0.08,0.08,"tensorboard --logdir=run1:""../../output/results/IPTransE/C_S_V6/271_5fold/1/20200616084533/train/"",run2:""../../output/results/IPTransE/C_S_V6/271_5fold/1/20200616084533/valid/"",run3:""../../output/results/IPTransE/C_S_V6/271_5fold/1/20200616084533/test/"" ",0.1327,0.2414,0.3083,0.5319,129.3041,0.1961,0.0384,0.1892,0.2471,0.4077,223.5514,0.1147,0.3511
